Country or Area,Year,Item,Value,Region,GVA
Afghanistan,2019,"Agriculture, hunting, forestry, fishing (ISIC A-B)",4872437789.24584,South Asia,18016903621.1764
Afghanistan,2019,"Mining, Manufacturing, Utilities (ISIC C-E)",2073301074.97761,South Asia,18016903621.1764
Afghanistan,2019,Manufacturing (ISIC D),1331477481.91232,South Asia,18016903621.1764
Afghanistan,2019,Construction (ISIC F),584313408.729056,South Asia,18016903621.1764
Afghanistan,2019,"Wholesale, retail trade, restaurants and hotels (ISIC G-H)",2075666252.38379,South Asia,18016903621.1764
Afghanistan,2019,"Transport, storage and communication (ISIC I)",1503540175.60797,South Asia,18016903621.1764
Afghanistan,2019,Other Activities (ISIC J-P),6907644920.25784,South Asia,18016903621.1764
Argentina,2019,"Agriculture, hunting, forestry, fishing (ISIC A-B)",27120476098.6038,Latin America and Caribbean,373424116751.979
Argentina,2019,"Mining, Manufacturing, Utilities (ISIC C-E)",87181816820.6326,Latin America and Caribbean,373424116751.979
Argentina,2019,Manufacturing (ISIC D),57921168821.3693,Latin America and Caribbean,373424116751.979
Argentina,2019,Construction (ISIC F),17096264346.8535,Latin America and Caribbean,373424116751.979
Argentina,2019,"Wholesale, retail trade, restaurants and hotels (ISIC G-H)",68644312630.7884,Latin America and Caribbean,373424116751.979
Argentina,2019,"Transport, storage and communication (ISIC I)",26570009284.8233,Latin America and Caribbean,373424116751.979
Argentina,2019,Other Activities (ISIC J-P),146811237570.278,Latin America and Caribbean,373424116751.979
Australia,2019,"Agriculture, hunting, forestry, fishing (ISIC A-B)",27624483294.7339,East Asia and Pacific,1290951374166.27
Australia,2019,"Mining, Manufacturing, Utilities (ISIC C-E)",252064199122.687,East Asia and Pacific,1290951374166.27
Australia,2019,Manufacturing (ISIC D),77817511814.7819,East Asia and Pacific,1290951374166.27
Australia,2019,Construction (ISIC F),98556381665.5996,East Asia and Pacific,1290951374166.27
Australia,2019,"Wholesale, retail trade, restaurants and hotels (ISIC G-H)",135436992472.271,East Asia and Pacific,1290951374166.27
Australia,2019,"Transport, storage and communication (ISIC I)",91839693417.7331,East Asia and Pacific,1290951374166.27
Australia,2019,Other Activities (ISIC J-P),685429624193.243,East Asia and Pacific,1290951374166.27
Bangladesh,2019,"Agriculture, hunting, forestry, fishing (ISIC A-B)",38174109315.5706,South Asia,286535247834.097
Bangladesh,2019,"Mining, Manufacturing, Utilities (ISIC C-E)",66001912472.0345,South Asia,286535247834.097
Bangladesh,2019,Manufacturing (ISIC D),56996900277.3093,South Asia,286535247834.097
Bangladesh,2019,Construction (ISIC F),23255749930.3833,South Asia,286535247834.097
Bangladesh,2019,"Wholesale, retail trade, restaurants and hotels (ISIC G-H)",41200862876.9747,South Asia,286535247834.097
Bangladesh,2019,"Transport, storage and communication (ISIC I)",26763241284.5776,South Asia,286535247834.097
Bangladesh,2019,Other Activities (ISIC J-P),91139371954.5564,South Asia,286535247834.097
Brazil,2019,"Agriculture, hunting, forestry, fishing (ISIC A-B)",79115597827.0156,Latin America and Caribbean,1618571595928.81
Brazil,2019,"Mining, Manufacturing, Utilities (ISIC C-E)",289549786429.214,Latin America and Caribbean,1618571595928.81
Brazil,2019,Manufacturing (ISIC D),194401716241.191,Latin America and Caribbean,1618571595928.81
Brazil,2019,Construction (ISIC F),63310760347.1444,Latin America and Caribbean,1618571595928.81
Brazil,2019,"Wholesale, retail trade, restaurants and hotels (ISIC G-H)",249730996740.354,Latin America and Caribbean,1618571595928.81
Brazil,2019,"Transport, storage and communication (ISIC I)",128164803708.345,Latin America and Caribbean,1618571595928.81
Brazil,2019,Other Activities (ISIC J-P),808699650876.737,Latin America and Caribbean,1618571595928.81
Canada,2019,"Agriculture, hunting, forestry, fishing (ISIC A-B)",31669361704.2335,North America,1622650477007.99
Canada,2019,"Mining, Manufacturing, Utilities (ISIC C-E)",289163267230.34,North America,1622650477007.99
Canada,2019,Manufacturing (ISIC D),171238814017.371,North America,1622650477007.99
Canada,2019,Construction (ISIC F),123252874140.523,North America,1622650477007.99
Canada,2019,"Wholesale, retail trade, restaurants and hotels (ISIC G-H)",206729459075.085,North America,1622650477007.99
Canada,2019,"Transport, storage and communication (ISIC I)",126031665613.41,North America,1622650477007.99
Canada,2019,Other Activities (ISIC J-P),845804640777.595,North America,1622650477007.99
Central African Republic,2019,"Agriculture, hunting, forestry, fishing (ISIC A-B)",709776276.447936,Sub-Saharan Africa,2127433333.4613
Central African Republic,2019,"Mining, Manufacturing, Utilities (ISIC C-E)",431578365.944039,Sub-Saharan Africa,2127433333.4613
Central African Republic,2019,Manufacturing (ISIC D),414443237.414019,Sub-Saharan Africa,2127433333.4613
Central African Republic,2019,Construction (ISIC F),33943738.0653529,Sub-Saharan Africa,2127433333.4613
Central African Republic,2019,"Wholesale, retail trade, restaurants and hotels (ISIC G-H)",406215638.863117,Sub-Saharan Africa,2127433333.4613
Central African Republic,2019,"Transport, storage and communication (ISIC I)",50744247.3791619,Sub-Saharan Africa,2127433333.4613
Central African Republic,2019,Other Activities (ISIC J-P),495175066.761692,Sub-Saharan Africa,2127433333.4613
Chad,2019,"Agriculture, hunting, forestry, fishing (ISIC A-B)",3508137164.32949,Sub-Saharan Africa,12328998445.225
Chad,2019,"Mining, Manufacturing, Utilities (ISIC C-E)",2197072816.34885,Sub-Saharan Africa,12328998445.225
Chad,2019,Manufacturing (ISIC D),1364897312.83104,Sub-Saharan Africa,12328998445.225
Chad,2019,Construction (ISIC F),113331004.489172,Sub-Saharan Africa,12328998445.225
Chad,2019,"Wholesale, retail trade, restaurants and hotels (ISIC G-H)",2827528699.31462,Sub-Saharan Africa,12328998445.225
Chad,2019,"Transport, storage and communication (ISIC I)",995597356.336815,Sub-Saharan Africa,12328998445.225
Chad,2019,Other Activities (ISIC J-P),2687331404.40439,Sub-Saharan Africa,12328998445.225
Chile,2019,"Agriculture, hunting, forestry, fishing (ISIC A-B)",10088272659.1052,Latin America and Caribbean,255627044801.566
Chile,2019,"Mining, Manufacturing, Utilities (ISIC C-E)",61934471323.995,Latin America and Caribbean,255627044801.566
Chile,2019,Manufacturing (ISIC D),28328880378.3684,Latin America and Caribbean,255627044801.566
Chile,2019,Construction (ISIC F),19391603155.2312,Latin America and Caribbean,255627044801.566
Chile,2019,"Wholesale, retail trade, restaurants and hotels (ISIC G-H)",31966079717.3419,Latin America and Caribbean,255627044801.566
Chile,2019,"Transport, storage and communication (ISIC I)",19656650825.0392,Latin America and Caribbean,255627044801.566
Chile,2019,Other Activities (ISIC J-P),112589967120.853,Latin America and Caribbean,255627044801.566
China (mainland),2019,"Agriculture, hunting, forestry, fishing (ISIC A-B)",1065037630274.69,East Asia and Pacific,14279967005054.6
China (mainland),2019,"Mining, Manufacturing, Utilities (ISIC C-E)",4514204109235.14,East Asia and Pacific,14279967005054.6
China (mainland),2019,Manufacturing (ISIC D),3823421821748.09,East Asia and Pacific,14279967005054.6
China (mainland),2019,Construction (ISIC F),1022642772492.58,East Asia and Pacific,14279967005054.6
China (mainland),2019,"Wholesale, retail trade, restaurants and hotels (ISIC G-H)",1643712674334.1,East Asia and Pacific,14279967005054.6
China (mainland),2019,"Transport, storage and communication (ISIC I)",1098058372412.27,East Asia and Pacific,14279967005054.6
China (mainland),2019,Other Activities (ISIC J-P),4936311446305.8,East Asia and Pacific,14279967005054.6
Colombia,2019,"Agriculture, hunting, forestry, fishing (ISIC A-B)",20674636075.5,Latin America and Caribbean,292865684073.296
Colombia,2019,"Mining, Manufacturing, Utilities (ISIC C-E)",64052662136.5476,Latin America and Caribbean,292865684073.296
Colombia,2019,Manufacturing (ISIC D),35305987329.1079,Latin America and Caribbean,292865684073.296
Colombia,2019,Construction (ISIC F),20211338908.542,Latin America and Caribbean,292865684073.296
Colombia,2019,"Wholesale, retail trade, restaurants and hotels (ISIC G-H)",41679371382.4575,Latin America and Caribbean,292865684073.296
Colombia,2019,"Transport, storage and communication (ISIC I)",24688252585.0413,Latin America and Caribbean,292865684073.296
Colombia,2019,Other Activities (ISIC J-P),121559422985.207,Latin America and Caribbean,292865684073.296
Costa Rica,2019,"Agriculture, hunting, forestry, fishing (ISIC A-B)",2653967944.79787,Latin America and Caribbean,59169297807.9894
Costa Rica,2019,"Mining, Manufacturing, Utilities (ISIC C-E)",9551764733.36913,Latin America and Caribbean,59169297807.9894
Costa Rica,2019,Manufacturing (ISIC D),7605177832.22559,Latin America and Caribbean,59169297807.9894
Costa Rica,2019,Construction (ISIC F),2668717550.61177,Latin America and Caribbean,59169297807.9894
Costa Rica,2019,"Wholesale, retail trade, restaurants and hotels (ISIC G-H)",7698961347.16438,Latin America and Caribbean,59169297807.9894
Costa Rica,2019,"Transport, storage and communication (ISIC I)",6045442184.79838,Latin America and Caribbean,59169297807.9894
Costa Rica,2019,Other Activities (ISIC J-P),30550444047.2496,Latin America and Caribbean,59169297807.9894
Côte d'Ivoire,2019,"Agriculture, hunting, forestry, fishing (ISIC A-B)",12100813673.9314,Sub-Saharan Africa,54725033799.8499
Côte d'Ivoire,2019,"Mining, Manufacturing, Utilities (ISIC C-E)",10238756167.83,Sub-Saharan Africa,54725033799.8499
Côte d'Ivoire,2019,Manufacturing (ISIC D),6898658514.81391,Sub-Saharan Africa,54725033799.8499
Côte d'Ivoire,2019,Construction (ISIC F),2164151161.99506,Sub-Saharan Africa,54725033799.8499
Côte d'Ivoire,2019,"Wholesale, retail trade, restaurants and hotels (ISIC G-H)",7701958362.18529,Sub-Saharan Africa,54725033799.8499
Côte d'Ivoire,2019,"Transport, storage and communication (ISIC I)",5523022997.01579,Sub-Saharan Africa,54725033799.8499
Côte d'Ivoire,2019,Other Activities (ISIC J-P),16996331436.8907,Sub-Saharan Africa,54725033799.8499
Cuba,2019,"Agriculture, hunting, forestry, fishing (ISIC A-B)",3612000000,Latin America and Caribbean,101603000000
Cuba,2019,"Mining, Manufacturing, Utilities (ISIC C-E)",15009000000,Latin America and Caribbean,101603000000
Cuba,2019,Manufacturing (ISIC D),12907000000,Latin America and Caribbean,101603000000
Cuba,2019,Construction (ISIC F),10382000000,Latin America and Caribbean,101603000000
Cuba,2019,"Wholesale, retail trade, restaurants and hotels (ISIC G-H)",24256000000,Latin America and Caribbean,101603000000
Cuba,2019,"Transport, storage and communication (ISIC I)",8679000000,Latin America and Caribbean,101603000000
Cuba,2019,Other Activities (ISIC J-P),39665000000,Latin America and Caribbean,101603000000
Czechia,2019,"Agriculture, hunting, forestry, fishing (ISIC A-B)",4699538859.03041,Europe and Central Asia,228138930981.478
Czechia,2019,"Mining, Manufacturing, Utilities (ISIC C-E)",66717744660.9033,Europe and Central Asia,228138930981.478
Czechia,2019,Manufacturing (ISIC D),57119035419.5511,Europe and Central Asia,228138930981.478
Czechia,2019,Construction (ISIC F),12861145330.2663,Europe and Central Asia,228138930981.478
Czechia,2019,"Wholesale, retail trade, restaurants and hotels (ISIC G-H)",29653828124.1483,Europe and Central Asia,228138930981.478
Czechia,2019,"Transport, storage and communication (ISIC I)",27042004164.4409,Europe and Central Asia,228138930981.478
Czechia,2019,Other Activities (ISIC J-P),87164669842.6888,Europe and Central Asia,228138930981.478
Denmark,2019,"Agriculture, hunting, forestry, fishing (ISIC A-B)",4247278917.60777,Europe and Central Asia,302741009345.346
Denmark,2019,"Mining, Manufacturing, Utilities (ISIC C-E)",55757999346.397,Europe and Central Asia,302741009345.346
Denmark,2019,Manufacturing (ISIC D),47646081953.0827,Europe and Central Asia,302741009345.346
Denmark,2019,Construction (ISIC F),17908832155.7845,Europe and Central Asia,302741009345.346
Denmark,2019,"Wholesale, retail trade, restaurants and hotels (ISIC G-H)",44335912268.1875,Europe and Central Asia,302741009345.346
Denmark,2019,"Transport, storage and communication (ISIC I)",30073409621.2569,Europe and Central Asia,302741009345.346
Denmark,2019,Other Activities (ISIC J-P),150417577036.112,Europe and Central Asia,302741009345.346
Egypt,2019,"Agriculture, hunting, forestry, fishing (ISIC A-B)",35063634375.3203,Middle East and North Africa,308284297971.219
Egypt,2019,"Mining, Manufacturing, Utilities (ISIC C-E)",93938078878.8307,Middle East and North Africa,308284297971.219
Egypt,2019,Manufacturing (ISIC D),50516421429.9377,Middle East and North Africa,308284297971.219
Egypt,2019,Construction (ISIC F),19129878319.4142,Middle East and North Africa,308284297971.219
Egypt,2019,"Wholesale, retail trade, restaurants and hotels (ISIC G-H)",50559125970.9435,Middle East and North Africa,308284297971.219
Egypt,2019,"Transport, storage and communication (ISIC I)",27330181164.5069,Middle East and North Africa,308284297971.219
Egypt,2019,Other Activities (ISIC J-P),82263399262.2039,Middle East and North Africa,308284297971.219
Estonia,2019,"Agriculture, hunting, forestry, fishing (ISIC A-B)",779602048.62745,Europe and Central Asia,26965678097.2549
Estonia,2019,"Mining, Manufacturing, Utilities (ISIC C-E)",5273844415.68627,Europe and Central Asia,26965678097.2549
Estonia,2019,Manufacturing (ISIC D),4070857107.45097,Europe and Central Asia,26965678097.2549
Estonia,2019,Construction (ISIC F),1866275955.29411,Europe and Central Asia,26965678097.2549
Estonia,2019,"Wholesale, retail trade, restaurants and hotels (ISIC G-H)",3924653736.47058,Europe and Central Asia,26965678097.2549
Estonia,2019,"Transport, storage and communication (ISIC I)",3727290380.39215,Europe and Central Asia,26965678097.2549
Estonia,2019,Other Activities (ISIC J-P),11394011560.7843,Europe and Central Asia,26965678097.2549
France,2019,"Agriculture, hunting, forestry, fishing (ISIC A-B)",41545938007.8431,Europe and Central Asia,2428443669354.51
France,2019,"Mining, Manufacturing, Utilities (ISIC C-E)",336554338729.411,Europe and Central Asia,2428443669354.51
France,2019,Manufacturing (ISIC D),273100284564.705,Europe and Central Asia,2428443669354.51
France,2019,Construction (ISIC F),138942459309.804,Europe and Central Asia,2428443669354.51
France,2019,"Wholesale, retail trade, restaurants and hotels (ISIC G-H)",323377321377.978,Europe and Central Asia,2428443669354.51
France,2019,"Transport, storage and communication (ISIC I)",240385643860.004,Europe and Central Asia,2428443669354.51
France,2019,Other Activities (ISIC J-P),1347637968071.71,Europe and Central Asia,2428443669354.51
Germany,2019,"Agriculture, hunting, forestry, fishing (ISIC A-B)",27870437396.0784,Europe and Central Asia,3477263584949.01
Germany,2019,"Mining, Manufacturing, Utilities (ISIC C-E)",844335662156.861,Europe and Central Asia,3477263584949.01
Germany,2019,Manufacturing (ISIC D),737937446321.567,Europe and Central Asia,3477263584949.01
Germany,2019,Construction (ISIC F),186728348235.294,Europe and Central Asia,3477263584949.01
Germany,2019,"Wholesale, retail trade, restaurants and hotels (ISIC G-H)",406865174266.666,Europe and Central Asia,3477263584949.01
Germany,2019,"Transport, storage and communication (ISIC I)",325287947262.745,Europe and Central Asia,3477263584949.01
Germany,2019,Other Activities (ISIC J-P),1686176015631.37,Europe and Central Asia,3477263584949.01
Greece,2019,"Agriculture, hunting, forestry, fishing (ISIC A-B)",7753679721.36469,Europe and Central Asia,177730337892.572
Greece,2019,"Mining, Manufacturing, Utilities (ISIC C-E)",24454931861.4117,Europe and Central Asia,177730337892.572
Greece,2019,Manufacturing (ISIC D),16393300375.0431,Europe and Central Asia,177730337892.572
Greece,2019,Construction (ISIC F),2886781082.1098,Europe and Central Asia,177730337892.572
Greece,2019,"Wholesale, retail trade, restaurants and hotels (ISIC G-H)",35300234110.6901,Europe and Central Asia,177730337892.572
Greece,2019,"Transport, storage and communication (ISIC I)",18765868752.6666,Europe and Central Asia,177730337892.572
Greece,2019,Other Activities (ISIC J-P),88568842364.3293,Europe and Central Asia,177730337892.572
Honduras,2019,"Agriculture, hunting, forestry, fishing (ISIC A-B)",2698084134.25325,Latin America and Caribbean,23959648849.6578
Honduras,2019,"Mining, Manufacturing, Utilities (ISIC C-E)",5266695026.09824,Latin America and Caribbean,23959648849.6578
Honduras,2019,Manufacturing (ISIC D),4102472217.91355,Latin America and Caribbean,23959648849.6578
Honduras,2019,Construction (ISIC F),1526839283.64499,Latin America and Caribbean,23959648849.6578
Honduras,2019,"Wholesale, retail trade, restaurants and hotels (ISIC G-H)",4293222062.94651,Latin America and Caribbean,23959648849.6578
Honduras,2019,"Transport, storage and communication (ISIC I)",1762271514.83743,Latin America and Caribbean,23959648849.6578
Honduras,2019,Other Activities (ISIC J-P),8412536827.87738,Latin America and Caribbean,23959648849.6578
India,2019,"Agriculture, hunting, forestry, fishing (ISIC A-B)",481970180752.841,South Asia,2621606271043.28
India,2019,"Mining, Manufacturing, Utilities (ISIC C-E)",504366448442.036,South Asia,2621606271043.28
India,2019,Manufacturing (ISIC D),385156291745.211,South Asia,2621606271043.28
India,2019,Construction (ISIC F),194353748924.055,South Asia,2621606271043.28
India,2019,"Wholesale, retail trade, restaurants and hotels (ISIC G-H)",329967712850.064,South Asia,2621606271043.28
India,2019,"Transport, storage and communication (ISIC I)",164244370107.294,South Asia,2621606271043.28
India,2019,Other Activities (ISIC J-P),946703809966.984,South Asia,2621606271043.28
Indonesia,2019,"Agriculture, hunting, forestry, fishing (ISIC A-B)",142266719992.739,East Asia and Pacific,1073069017021.24
Indonesia,2019,"Mining, Manufacturing, Utilities (ISIC C-E)",315625008964.575,East Asia and Pacific,1073069017021.24
Indonesia,2019,Manufacturing (ISIC D),220502280587.308,East Asia and Pacific,1073069017021.24
Indonesia,2019,Construction (ISIC F),120284190707.579,East Asia and Pacific,1073069017021.24
Indonesia,2019,"Wholesale, retail trade, restaurants and hotels (ISIC G-H)",176749228637.977,East Asia and Pacific,1073069017021.24
Indonesia,2019,"Transport, storage and communication (ISIC I)",106595641188.393,East Asia and Pacific,1073069017021.24
Indonesia,2019,Other Activities (ISIC J-P),211548227529.977,East Asia and Pacific,1073069017021.24
Iran,2019,"Agriculture, hunting, forestry, fishing (ISIC A-B)",89897901075.6769,Middle East and North Africa,637002788946.252
Iran,2019,"Mining, Manufacturing, Utilities (ISIC C-E)",193843421802.757,Middle East and North Africa,637002788946.252
Iran,2019,Manufacturing (ISIC D),108293211234.629,Middle East and North Africa,637002788946.252
Iran,2019,Construction (ISIC F),21881915481.1861,Middle East and North Africa,637002788946.252
Iran,2019,"Wholesale, retail trade, restaurants and hotels (ISIC G-H)",77218478989.8179,Middle East and North Africa,637002788946.252
Iran,2019,"Transport, storage and communication (ISIC I)",55306034414.8381,Middle East and North Africa,637002788946.252
Iran,2019,Other Activities (ISIC J-P),198855037181.977,Middle East and North Africa,637002788946.252
Ireland,2019,"Agriculture, hunting, forestry, fishing (ISIC A-B)",3603665492.65301,Europe and Central Asia,375359389008.929
Ireland,2019,"Mining, Manufacturing, Utilities (ISIC C-E)",133667885623.643,Europe and Central Asia,375359389008.929
Ireland,2019,Manufacturing (ISIC D),127761292333.767,Europe and Central Asia,375359389008.929
Ireland,2019,Construction (ISIC F),9421293366.31979,Europe and Central Asia,375359389008.929
Ireland,2019,"Wholesale, retail trade, restaurants and hotels (ISIC G-H)",34470409396.1796,Europe and Central Asia,375359389008.929
Ireland,2019,"Transport, storage and communication (ISIC I)",65475898429.2441,Europe and Central Asia,375359389008.929
Ireland,2019,Other Activities (ISIC J-P),128720236702.01,Europe and Central Asia,375359389008.929
Israel,2019,"Agriculture, hunting, forestry, fishing (ISIC A-B)",4290786321.09297,Middle East and North Africa,357997767927.15
Israel,2019,"Mining, Manufacturing, Utilities (ISIC C-E)",49609558187.6038,Middle East and North Africa,357997767927.15
Israel,2019,Manufacturing (ISIC D),42906220565.9362,Middle East and North Africa,357997767927.15
Israel,2019,Construction (ISIC F),23261094795.0318,Middle East and North Africa,357997767927.15
Israel,2019,"Wholesale, retail trade, restaurants and hotels (ISIC G-H)",44868186035.3972,Middle East and North Africa,357997767927.15
Israel,2019,"Transport, storage and communication (ISIC I)",48684324726.8097,Middle East and North Africa,357997767927.15
Israel,2019,Other Activities (ISIC J-P),187283817860.934,Middle East and North Africa,357997767927.15
Italy,2019,"Agriculture, hunting, forestry, fishing (ISIC A-B)",38346703753.7254,Europe and Central Asia,1801967630130.98
Italy,2019,"Mining, Manufacturing, Utilities (ISIC C-E)",354300360606.274,Europe and Central Asia,1801967630130.98
Italy,2019,Manufacturing (ISIC D),298835884070.588,Europe and Central Asia,1801967630130.98
Italy,2019,Construction (ISIC F),78102154230.5881,Europe and Central Asia,1801967630130.98
Italy,2019,"Wholesale, retail trade, restaurants and hotels (ISIC G-H)",292618770432.941,Europe and Central Asia,1801967630130.98
Italy,2019,"Transport, storage and communication (ISIC I)",165756784453.333,Europe and Central Asia,1801967630130.98
Italy,2019,Other Activities (ISIC J-P),872842856654.116,Europe and Central Asia,1801967630130.98
Japan,2019,"Agriculture, hunting, forestry, fishing (ISIC A-B)",51851365227.9275,East Asia and Pacific,5100344959369.32
Japan,2019,"Mining, Manufacturing, Utilities (ISIC C-E)",1204770227618.51,East Asia and Pacific,5100344959369.32
Japan,2019,Manufacturing (ISIC D),1045547649908.88,East Asia and Pacific,5100344959369.32
Japan,2019,Construction (ISIC F),275395761943.734,East Asia and Pacific,5100344959369.32
Japan,2019,"Wholesale, retail trade, restaurants and hotels (ISIC G-H)",771017866217.812,East Asia and Pacific,5100344959369.32
Japan,2019,"Transport, storage and communication (ISIC I)",524673656481.202,East Asia and Pacific,5100344959369.32
Japan,2019,Other Activities (ISIC J-P),2272636081880.14,East Asia and Pacific,5100344959369.32
Kazakhstan,2019,"Agriculture, hunting, forestry, fishing (ISIC A-B)",8113866809.62566,Europe and Central Asia,168992970055.309
Kazakhstan,2019,"Mining, Manufacturing, Utilities (ISIC C-E)",50044747459.2828,Europe and Central Asia,168992970055.309
Kazakhstan,2019,Manufacturing (ISIC D),20830620827.5517,Europe and Central Asia,168992970055.309
Kazakhstan,2019,Construction (ISIC F),9957736329.917,Europe and Central Asia,168992970055.309
Kazakhstan,2019,"Wholesale, retail trade, restaurants and hotels (ISIC G-H)",32872062719.5983,Europe and Central Asia,168992970055.309
Kazakhstan,2019,"Transport, storage and communication (ISIC I)",18130532358.3118,Europe and Central Asia,168992970055.309
Kazakhstan,2019,Other Activities (ISIC J-P),49874024378.5732,Europe and Central Asia,168992970055.309
Lebanon,2019,"Agriculture, hunting, forestry, fishing (ISIC A-B)",1647050567.88259,Middle East and North Africa,50780498591.1536
Lebanon,2019,"Mining, Manufacturing, Utilities (ISIC C-E)",5493969703.99735,Middle East and North Africa,50780498591.1536
Lebanon,2019,Manufacturing (ISIC D),3970279728.13134,Middle East and North Africa,50780498591.1536
Lebanon,2019,Construction (ISIC F),1383838306.24478,Middle East and North Africa,50780498591.1536
Lebanon,2019,"Wholesale, retail trade, restaurants and hotels (ISIC G-H)",8066104086.8743,Middle East and North Africa,50780498591.1536
Lebanon,2019,"Transport, storage and communication (ISIC I)",2722321197.81493,Middle East and North Africa,50780498591.1536
Lebanon,2019,Other Activities (ISIC J-P),31467214728.339,Middle East and North Africa,50780498591.1536
Luxembourg,2019,"Agriculture, hunting, forestry, fishing (ISIC A-B)",153548243.239215,Europe and Central Asia,63723302337.4823
Luxembourg,2019,"Mining, Manufacturing, Utilities (ISIC C-E)",4307098693.78039,Europe and Central Asia,63723302337.4823
Luxembourg,2019,Manufacturing (ISIC D),3464043710.46274,Europe and Central Asia,63723302337.4823
Luxembourg,2019,Construction (ISIC F),3914754223.38039,Europe and Central Asia,63723302337.4823
Luxembourg,2019,"Wholesale, retail trade, restaurants and hotels (ISIC G-H)",6926465302.36077,Europe and Central Asia,63723302337.4823
Luxembourg,2019,"Transport, storage and communication (ISIC I)",6572598290.33724,Europe and Central Asia,63723302337.4823
Luxembourg,2019,Other Activities (ISIC J-P),41848837584.3842,Europe and Central Asia,63723302337.4823
Malaysia,2019,"Agriculture, hunting, forestry, fishing (ISIC A-B)",26460706292.0518,East Asia and Pacific,360565592339.463
Malaysia,2019,"Mining, Manufacturing, Utilities (ISIC C-E)",119289430829.558,East Asia and Pacific,360565592339.463
Malaysia,2019,Manufacturing (ISIC D),78198332074.3492,East Asia and Pacific,360565592339.463
Malaysia,2019,Construction (ISIC F),17107574350.9495,East Asia and Pacific,360565592339.463
Malaysia,2019,"Wholesale, retail trade, restaurants and hotels (ISIC G-H)",74931732711.3192,East Asia and Pacific,360565592339.463
Malaysia,2019,"Transport, storage and communication (ISIC I)",34548390484.7187,East Asia and Pacific,360565592339.463
Malaysia,2019,Other Activities (ISIC J-P),88227757670.8663,East Asia and Pacific,360565592339.463
Mali,2019,"Agriculture, hunting, forestry, fishing (ISIC A-B)",6360671016.55202,Sub-Saharan Africa,16033971770.3872
Mali,2019,"Mining, Manufacturing, Utilities (ISIC C-E)",2962976215.96092,Sub-Saharan Africa,16033971770.3872
Mali,2019,Manufacturing (ISIC D),2809567338.97446,Sub-Saharan Africa,16033971770.3872
Mali,2019,Construction (ISIC F),743038055.529738,Sub-Saharan Africa,16033971770.3872
Mali,2019,"Wholesale, retail trade, restaurants and hotels (ISIC G-H)",1800038570.74851,Sub-Saharan Africa,16033971770.3872
Mali,2019,"Transport, storage and communication (ISIC I)",824276242.660976,Sub-Saharan Africa,16033971770.3872
Mali,2019,Other Activities (ISIC J-P),3342971668.93504,Sub-Saharan Africa,16033971770.3872
Mexico,2019,"Agriculture, hunting, forestry, fishing (ISIC A-B)",43087479533.9752,Latin America and Caribbean,1195184400346.77
Mexico,2019,"Mining, Manufacturing, Utilities (ISIC C-E)",302795249321.26,Latin America and Caribbean,1195184400346.77
Mexico,2019,Manufacturing (ISIC D),219753690944.422,Latin America and Caribbean,1195184400346.77
Mexico,2019,Construction (ISIC F),88197338560.2233,Latin America and Caribbean,1195184400346.77
Mexico,2019,"Wholesale, retail trade, restaurants and hotels (ISIC G-H)",268006187133.269,Latin America and Caribbean,1195184400346.77
Mexico,2019,"Transport, storage and communication (ISIC I)",102263421178.767,Latin America and Caribbean,1195184400346.77
Mexico,2019,Other Activities (ISIC J-P),390834724619.275,Latin America and Caribbean,1195184400346.77
Mongolia,2019,"Agriculture, hunting, forestry, fishing (ISIC A-B)",1511732769.3441,East Asia and Pacific,12490212365.3783
Mongolia,2019,"Mining, Manufacturing, Utilities (ISIC C-E)",4852441959.70353,East Asia and Pacific,12490212365.3783
Mongolia,2019,Manufacturing (ISIC D),1317219416.66416,East Asia and Pacific,12490212365.3783
Mongolia,2019,Construction (ISIC F),529762126.96852,East Asia and Pacific,12490212365.3783
Mongolia,2019,"Wholesale, retail trade, restaurants and hotels (ISIC G-H)",1481698864.41286,East Asia and Pacific,12490212365.3783
Mongolia,2019,"Transport, storage and communication (ISIC I)",893981276.820668,East Asia and Pacific,12490212365.3783
Mongolia,2019,Other Activities (ISIC J-P),3220595368.12825,East Asia and Pacific,12490212365.3783
Morocco,2019,"Agriculture, hunting, forestry, fishing (ISIC A-B)",14559414790.0287,Middle East and North Africa,106025780543.862
Morocco,2019,"Mining, Manufacturing, Utilities (ISIC C-E)",23931702070.2153,Middle East and North Africa,106025780543.862
Morocco,2019,Manufacturing (ISIC D),17857298644.938,Middle East and North Africa,106025780543.862
Morocco,2019,Construction (ISIC F),6424509836.53592,Middle East and North Africa,106025780543.862
Morocco,2019,"Wholesale, retail trade, restaurants and hotels (ISIC G-H)",12637832823.8689,Middle East and North Africa,106025780543.862
Morocco,2019,"Transport, storage and communication (ISIC I)",7296292477.46037,Middle East and North Africa,106025780543.862
Morocco,2019,Other Activities (ISIC J-P),41176028545.7533,Middle East and North Africa,106025780543.862
Netherlands,2019,"Agriculture, hunting, forestry, fishing (ISIC A-B)",14889010980.3921,Europe and Central Asia,811574240627.45
Netherlands,2019,"Mining, Manufacturing, Utilities (ISIC C-E)",119548682901.961,Europe and Central Asia,811574240627.45
Netherlands,2019,Manufacturing (ISIC D),98068206007.843,Europe and Central Asia,811574240627.45
Netherlands,2019,Construction (ISIC F),40302201827.4509,Europe and Central Asia,811574240627.45
Netherlands,2019,"Wholesale, retail trade, restaurants and hotels (ISIC G-H)",131065836658.823,Europe and Central Asia,811574240627.45
Netherlands,2019,"Transport, storage and communication (ISIC I)",79949511066.6665,Europe and Central Asia,811574240627.45
Netherlands,2019,Other Activities (ISIC J-P),425818997192.156,Europe and Central Asia,811574240627.45
Nigeria,2019,"Agriculture, hunting, forestry, fishing (ISIC A-B)",103949021587.877,Sub-Saharan Africa,469861878356.087
Nigeria,2019,"Mining, Manufacturing, Utilities (ISIC C-E)",100621309761.241,Sub-Saharan Africa,469861878356.087
Nigeria,2019,Manufacturing (ISIC D),54675510495.0663,Sub-Saharan Africa,469861878356.087
Nigeria,2019,Construction (ISIC F),29313387722.8244,Sub-Saharan Africa,469861878356.087
Nigeria,2019,"Wholesale, retail trade, restaurants and hotels (ISIC G-H)",77896150634.2488,Sub-Saharan Africa,469861878356.087
Nigeria,2019,"Transport, storage and communication (ISIC I)",60130652277.1166,Sub-Saharan Africa,469861878356.087
Nigeria,2019,Other Activities (ISIC J-P),97951356372.7753,Sub-Saharan Africa,469861878356.087
Norway,2019,"Agriculture, hunting, forestry, fishing (ISIC A-B)",7825681818.18182,Europe and Central Asia,360180568181.818
Norway,2019,"Mining, Manufacturing, Utilities (ISIC C-E)",93033181818.1818,Europe and Central Asia,360180568181.818
Norway,2019,Manufacturing (ISIC D),25602386363.6364,Europe and Central Asia,360180568181.818
Norway,2019,Construction (ISIC F),23926136363.6364,Europe and Central Asia,360180568181.818
Norway,2019,"Wholesale, retail trade, restaurants and hotels (ISIC G-H)",34698977272.7273,Europe and Central Asia,360180568181.818
Norway,2019,"Transport, storage and communication (ISIC I)",33116704545.4545,Europe and Central Asia,360180568181.818
Norway,2019,Other Activities (ISIC J-P),167579886363.636,Europe and Central Asia,360180568181.818
Pakistan,2019,"Agriculture, hunting, forestry, fishing (ISIC A-B)",55784098782.9851,South Asia,238497562088.274
Pakistan,2019,"Mining, Manufacturing, Utilities (ISIC C-E)",41520435389.3421,South Asia,238497562088.274
Pakistan,2019,Manufacturing (ISIC D),31527270874.3825,South Asia,238497562088.274
Pakistan,2019,Construction (ISIC F),4892718713.99496,South Asia,238497562088.274
Pakistan,2019,"Wholesale, retail trade, restaurants and hotels (ISIC G-H)",45347458154.3655,South Asia,238497562088.274
Pakistan,2019,"Transport, storage and communication (ISIC I)",27375040655.812,South Asia,238497562088.274
Pakistan,2019,Other Activities (ISIC J-P),63577810391.7744,South Asia,238497562088.274
Peru,2019,"Agriculture, hunting, forestry, fishing (ISIC A-B)",15413217582.694,Latin America and Caribbean,209512545600.569
Peru,2019,"Mining, Manufacturing, Utilities (ISIC C-E)",54541659170.3015,Latin America and Caribbean,209512545600.569
Peru,2019,Manufacturing (ISIC D),29701262491.0419,Latin America and Caribbean,209512545600.569
Peru,2019,Construction (ISIC F),15330515143.7807,Latin America and Caribbean,209512545600.569
Peru,2019,"Wholesale, retail trade, restaurants and hotels (ISIC G-H)",34097376553.7136,Latin America and Caribbean,209512545600.569
Peru,2019,"Transport, storage and communication (ISIC I)",19048229490.1488,Latin America and Caribbean,209512545600.569
Peru,2019,Other Activities (ISIC J-P),71081547659.9306,Latin America and Caribbean,209512545600.569
Qatar,2019,"Agriculture, hunting, forestry, fishing (ISIC A-B)",404498665.384615,Middle East and North Africa,182604296860.714
Qatar,2019,"Mining, Manufacturing, Utilities (ISIC C-E)",78552700859.6154,Middle East and North Africa,182604296860.714
Qatar,2019,Manufacturing (ISIC D),13703715065.6593,Middle East and North Africa,182604296860.714
Qatar,2019,Construction (ISIC F),21476328128.8462,Middle East and North Africa,182604296860.714
Qatar,2019,"Wholesale, retail trade, restaurants and hotels (ISIC G-H)",15340133008.5165,Middle East and North Africa,182604296860.714
Qatar,2019,"Transport, storage and communication (ISIC I)",10234326990.6593,Middle East and North Africa,182604296860.714
Qatar,2019,Other Activities (ISIC J-P),56596309207.4176,Middle East and North Africa,182604296860.714
Republic of Korea,2019,"Agriculture, hunting, forestry, fishing (ISIC A-B)",27541252851.7737,East Asia and Pacific,1512342049137.53
Republic of Korea,2019,"Mining, Manufacturing, Utilities (ISIC C-E)",449639547855.702,East Asia and Pacific,1512342049137.53
Republic of Korea,2019,Manufacturing (ISIC D),416475037890.37,East Asia and Pacific,1512342049137.53
Republic of Korea,2019,Construction (ISIC F),89965936204.9421,East Asia and Pacific,1512342049137.53
Republic of Korea,2019,"Wholesale, retail trade, restaurants and hotels (ISIC G-H)",158390367802.359,East Asia and Pacific,1512342049137.53
Republic of Korea,2019,"Transport, storage and communication (ISIC I)",123319978738.117,East Asia and Pacific,1512342049137.53
Republic of Korea,2019,Other Activities (ISIC J-P),663484965684.639,East Asia and Pacific,1512342049137.53
Russian Federation,2019,"Agriculture, hunting, forestry, fishing (ISIC A-B)",58985924117.8917,Europe and Central Asia,1517906097612.34
Russian Federation,2019,"Mining, Manufacturing, Utilities (ISIC C-E)",427259986272.272,Europe and Central Asia,1517906097612.34
Russian Federation,2019,Manufacturing (ISIC D),222313657514.803,Europe and Central Asia,1517906097612.34
Russian Federation,2019,Construction (ISIC F),120042988123.43,Europe and Central Asia,1517906097612.34
Russian Federation,2019,"Wholesale, retail trade, restaurants and hotels (ISIC G-H)",251170769087.05,Europe and Central Asia,1517906097612.34
Russian Federation,2019,"Transport, storage and communication (ISIC I)",112461922296.783,Europe and Central Asia,1517906097612.34
Russian Federation,2019,Other Activities (ISIC J-P),547984507714.915,Europe and Central Asia,1517906097612.34
Saudi Arabia,2019,"Agriculture, hunting, forestry, fishing (ISIC A-B)",17709616837.3333,Middle East and North Africa,793804808704.8
Saudi Arabia,2019,"Mining, Manufacturing, Utilities (ISIC C-E)",332472889081.867,Middle East and North Africa,793804808704.8
Saudi Arabia,2019,Manufacturing (ISIC D),99438252932.2667,Middle East and North Africa,793804808704.8
Saudi Arabia,2019,Construction (ISIC F),43641374285.6,Middle East and North Africa,793804808704.8
Saudi Arabia,2019,"Wholesale, retail trade, restaurants and hotels (ISIC G-H)",79468983786.6667,Middle East and North Africa,793804808704.8
Saudi Arabia,2019,"Transport, storage and communication (ISIC I)",48552278754.4,Middle East and North Africa,793804808704.8
Saudi Arabia,2019,Other Activities (ISIC J-P),271959665958.933,Middle East and North Africa,793804808704.8
Sierra Leone,2019,"Agriculture, hunting, forestry, fishing (ISIC A-B)",2239809398.39844,Sub-Saharan Africa,3738402694.18872
Sierra Leone,2019,"Mining, Manufacturing, Utilities (ISIC C-E)",186083224.06324,Sub-Saharan Africa,3738402694.18872
Sierra Leone,2019,Manufacturing (ISIC D),75440101.7617587,Sub-Saharan Africa,3738402694.18872
Sierra Leone,2019,Construction (ISIC F),29777293.5549303,Sub-Saharan Africa,3738402694.18872
Sierra Leone,2019,"Wholesale, retail trade, restaurants and hotels (ISIC G-H)",357239511.500799,Sub-Saharan Africa,3738402694.18872
Sierra Leone,2019,"Transport, storage and communication (ISIC I)",129083735.172618,Sub-Saharan Africa,3738402694.18872
Sierra Leone,2019,Other Activities (ISIC J-P),796409531.498699,Sub-Saharan Africa,3738402694.18872
Singapore,2019,"Agriculture, hunting, forestry, fishing (ISIC A-B)",121246922.705698,East Asia and Pacific,355356550742.522
Singapore,2019,"Mining, Manufacturing, Utilities (ISIC C-E)",77084747005.1743,East Asia and Pacific,355356550742.522
Singapore,2019,Manufacturing (ISIC D),72836633088.779,East Asia and Pacific,355356550742.522
Singapore,2019,Construction (ISIC F),13551506117.936,East Asia and Pacific,355356550742.522
Singapore,2019,"Wholesale, retail trade, restaurants and hotels (ISIC G-H)",70534114441.75,East Asia and Pacific,355356550742.522
Singapore,2019,"Transport, storage and communication (ISIC I)",39590638916.5481,East Asia and Pacific,355356550742.522
Singapore,2019,Other Activities (ISIC J-P),154474297338.408,East Asia and Pacific,355356550742.522
South Africa,2019,"Agriculture, hunting, forestry, fishing (ISIC A-B)",6622866256.43375,Sub-Saharan Africa,313084592173.081
South Africa,2019,"Mining, Manufacturing, Utilities (ISIC C-E)",79449804917.4837,Sub-Saharan Africa,313084592173.081
South Africa,2019,Manufacturing (ISIC D),41400447073.0189,Sub-Saharan Africa,313084592173.081
South Africa,2019,Construction (ISIC F),11919471635.3148,Sub-Saharan Africa,313084592173.081
South Africa,2019,"Wholesale, retail trade, restaurants and hotels (ISIC G-H)",47428195330.4229,Sub-Saharan Africa,313084592173.081
South Africa,2019,"Transport, storage and communication (ISIC I)",30596683369.8425,Sub-Saharan Africa,313084592173.081
South Africa,2019,Other Activities (ISIC J-P),137067570663.584,Sub-Saharan Africa,313084592173.081
Spain,2019,"Agriculture, hunting, forestry, fishing (ISIC A-B)",36144473498.0392,Europe and Central Asia,1263305714298.04
Spain,2019,"Mining, Manufacturing, Utilities (ISIC C-E)",201500933866.666,Europe and Central Asia,1263305714298.04
Spain,2019,Manufacturing (ISIC D),152540716180.392,Europe and Central Asia,1263305714298.04
Spain,2019,Construction (ISIC F),79163639960.7842,Europe and Central Asia,1263305714298.04
Spain,2019,"Wholesale, retail trade, restaurants and hotels (ISIC G-H)",240716103350.744,Europe and Central Asia,1263305714298.04
Spain,2019,"Transport, storage and communication (ISIC I)",104864558351.217,Europe and Central Asia,1263305714298.04
Spain,2019,Other Activities (ISIC J-P),600916005270.587,Europe and Central Asia,1263305714298.04
Sudan,2019,"Agriculture, hunting, forestry, fishing (ISIC A-B)",7051052733.00827,Middle East and North Africa,34895362319.7286
Sudan,2019,"Mining, Manufacturing, Utilities (ISIC C-E)",6389163799.05377,Middle East and North Africa,34895362319.7286
Sudan,2019,Manufacturing (ISIC D),2909791306.70767,Middle East and North Africa,34895362319.7286
Sudan,2019,Construction (ISIC F),1248010855.30779,Middle East and North Africa,34895362319.7286
Sudan,2019,"Wholesale, retail trade, restaurants and hotels (ISIC G-H)",5762068596.85377,Middle East and North Africa,34895362319.7286
Sudan,2019,"Transport, storage and communication (ISIC I)",3083625816.60681,Middle East and North Africa,34895362319.7286
Sudan,2019,Other Activities (ISIC J-P),11361440518.8982,Middle East and North Africa,34895362319.7286
Switzerland,2019,"Agriculture, hunting, forestry, fishing (ISIC A-B)",4613561942.2485,Europe and Central Asia,711740402382.395
Switzerland,2019,"Mining, Manufacturing, Utilities (ISIC C-E)",147507637425.767,Europe and Central Asia,711740402382.395
Switzerland,2019,Manufacturing (ISIC D),133354655038.411,Europe and Central Asia,711740402382.395
Switzerland,2019,Construction (ISIC F),35080836401.738,Europe and Central Asia,711740402382.395
Switzerland,2019,"Wholesale, retail trade, restaurants and hotels (ISIC G-H)",119795654871.057,Europe and Central Asia,711740402382.395
Switzerland,2019,"Transport, storage and communication (ISIC I)",60244099043.6706,Europe and Central Asia,711740402382.395
Switzerland,2019,Other Activities (ISIC J-P),344498612696.908,Europe and Central Asia,711740402382.395
Thailand,2019,"Agriculture, hunting, forestry, fishing (ISIC A-B)",44286410028.4788,East Asia and Pacific,544263738706.254
Thailand,2019,"Mining, Manufacturing, Utilities (ISIC C-E)",169384172073.408,East Asia and Pacific,544263738706.254
Thailand,2019,Manufacturing (ISIC D),139485280462.85,East Asia and Pacific,544263738706.254
Thailand,2019,Construction (ISIC F),13497659141.9661,East Asia and Pacific,544263738706.254
Thailand,2019,"Wholesale, retail trade, restaurants and hotels (ISIC G-H)",121534363282.977,East Asia and Pacific,544263738706.254
Thailand,2019,"Transport, storage and communication (ISIC I)",45705875358.9619,East Asia and Pacific,544263738706.254
Thailand,2019,Other Activities (ISIC J-P),149855258820.463,East Asia and Pacific,544263738706.254
Turkey,2019,"Agriculture, hunting, forestry, fishing (ISIC A-B)",48710014714.2675,Europe and Central Asia,685239311414.006
Turkey,2019,"Mining, Manufacturing, Utilities (ISIC C-E)",166145120906.202,Europe and Central Asia,685239311414.006
Turkey,2019,Manufacturing (ISIC D),139118566188.111,Europe and Central Asia,685239311414.006
Turkey,2019,Construction (ISIC F),41120974834.9078,Europe and Central Asia,685239311414.006
Turkey,2019,"Wholesale, retail trade, restaurants and hotels (ISIC G-H)",120406232885.19,Europe and Central Asia,685239311414.006
Turkey,2019,"Transport, storage and communication (ISIC I)",84991836148.7175,Europe and Central Asia,685239311414.006
Turkey,2019,Other Activities (ISIC J-P),223865131924.722,Europe and Central Asia,685239311414.006
United Arab Emirates,2019,"Agriculture, hunting, forestry, fishing (ISIC A-B)",3117340904.83322,Middle East and North Africa,417215559513.411
United Arab Emirates,2019,"Mining, Manufacturing, Utilities (ISIC C-E)",148081667055.14,Middle East and North Africa,417215559513.411
United Arab Emirates,2019,Manufacturing (ISIC D),36661402870.5242,Middle East and North Africa,417215559513.411
United Arab Emirates,2019,Construction (ISIC F),37410970013.887,Middle East and North Africa,417215559513.411
United Arab Emirates,2019,"Wholesale, retail trade, restaurants and hotels (ISIC G-H)",63977461534.6494,Middle East and North Africa,417215559513.411
United Arab Emirates,2019,"Transport, storage and communication (ISIC I)",36975334537.5085,Middle East and North Africa,417215559513.411
United Arab Emirates,2019,Other Activities (ISIC J-P),127652785467.393,Middle East and North Africa,417215559513.411
United Kingdom,2019,"Agriculture, hunting, forestry, fishing (ISIC A-B)",17617060625.7149,Europe and Central Asia,2574965334800.91
United Kingdom,2019,"Mining, Manufacturing, Utilities (ISIC C-E)",352793062931.737,Europe and Central Asia,2574965334800.91
United Kingdom,2019,Manufacturing (ISIC D),255618418496.416,Europe and Central Asia,2574965334800.91
United Kingdom,2019,Construction (ISIC F),164828394931.246,Europe and Central Asia,2574965334800.91
United Kingdom,2019,"Wholesale, retail trade, restaurants and hotels (ISIC G-H)",344805266569.201,Europe and Central Asia,2574965334800.91
United Kingdom,2019,"Transport, storage and communication (ISIC I)",262503393501.133,Europe and Central Asia,2574965334800.91
United Kingdom,2019,Other Activities (ISIC J-P),1432418156241.87,Europe and Central Asia,2574965334800.91
United States,2019,"Agriculture, hunting, forestry, fishing (ISIC A-B)",162600000000,North America,2574965334800.91
United States,2019,"Mining, Manufacturing, Utilities (ISIC C-E)",3059400000000,North America,2574965334800.91
United States,2019,Manufacturing (ISIC D),2370900000000,North America,2574965334800.91
United States,2019,Construction (ISIC F),903600000000,North America,2574965334800.91
United States,2019,"Wholesale, retail trade, restaurants and hotels (ISIC G-H)",3114900000000,North America,2574965334800.91
United States,2019,"Transport, storage and communication (ISIC I)",2252700000000,North America,2574965334800.91
United States,2019,Other Activities (ISIC J-P),11879300000000,North America,2574965334800.91
Zimbabwe,2019,"Agriculture, hunting, forestry, fishing (ISIC A-B)",1792800913,Sub-Saharan Africa,19812017867
Zimbabwe,2019,"Mining, Manufacturing, Utilities (ISIC C-E)",4200009663,Sub-Saharan Africa,19812017867
Zimbabwe,2019,Manufacturing (ISIC D),2427825131,Sub-Saharan Africa,19812017867
Zimbabwe,2019,Construction (ISIC F),491388567,Sub-Saharan Africa,19812017867
Zimbabwe,2019,"Wholesale, retail trade, restaurants and hotels (ISIC G-H)",4451542520,Sub-Saharan Africa,19812017867
Zimbabwe,2019,"Transport, storage and communication (ISIC I)",2254697878,Sub-Saharan Africa,19812017867
Zimbabwe,2019,Other Activities (ISIC J-P),6621578327,Sub-Saharan Africa,19812017867
